Name,Email,Product
Michael Norman,max11@example.com,Dream Solution
Ryan Short,hparker@example.net,High Solution
Daniel Walker,michelewillis@example.com,Matter Solution
Richard Tucker,shernandez@example.com,Different Solution
Michael Delgado,quinndebbie@example.net,Phone Solution
Ryan Mora,hillkeith@example.org,Push Solution
Austin Diaz,virginiawilliams@example.com,Goal Solution
Chelsea Nelson,kylewilson@example.net,Yourself Solution
Steve Ponce,itaylor@example.com,Improve Solution
Carol Chapman,uadams@example.com,Collection Solution
Olivia Richards,jbrennan@example.com,Tv Solution
Sarah Bright,dcarter@example.com,Lawyer Solution
Christopher Ward,evansalexa@example.org,Throw Solution
Dylan Ellis,gary57@example.org,Oil Solution
Dr. Jane Willis,phenry@example.org,Loss Solution
Tyler Thomas,sethmaldonado@example.net,Actually Solution
Kristin Ashley,dannybird@example.org,Shake Solution
Corey Stout,rebecca53@example.org,Establish Solution
Desiree Lee,chanalexander@example.org,Character Solution
Katherine Reese,otaylor@example.net,Discussion Solution
Amanda Fowler MD,josephnichols@example.net,Language Solution
Taylor Martin,cherylbailey@example.com,Doctor Solution
Laura Walls,huntmatthew@example.com,Recent Solution
Adam Carter,dnewton@example.net,Show Solution
Lauren Benjamin,vpatel@example.com,Glass Solution
Renee Porter,obarker@example.org,Candidate Solution
Joshua Davis,jasminelarsen@example.com,Capital Solution
Willie Martin,edwingriffith@example.com,Police Solution
Kristi Rangel,coleregina@example.net,Adult Solution
Jason Gould,bmarks@example.com,News Solution
Joseph Cervantes,crichardson@example.com,Public Solution
Mark Johnson,judyjohnson@example.org,Fly Solution
Paul Roberts,bethwatkins@example.com,Enter Solution
Cory Ramos,juan83@example.org,Prevent Solution
Michael Montes,nichole73@example.com,Fight Solution
John Costa,xvelasquez@example.net,Maybe Solution
Kristen Burns,pmarshall@example.net,With Solution
Linda Powell,beth25@example.net,Several Solution
Lance Berg,hoodnicole@example.org,Election Solution
Roger Bradley,walshwalter@example.org,Coach Solution
Gabrielle Williams,dorothystevens@example.org,Its Solution
Justin Coleman,erica50@example.com,Record Solution
Briana Petersen,lowejustin@example.org,Road Solution
Jessica Jones,martin85@example.com,Watch Solution
Amber Johnston,wilsonabigail@example.com,Bit Solution
Christopher Davis,melanietaylor@example.net,Gas Solution
Juan Pearson,greenjeremy@example.net,Create Solution
Christie White,williamskelly@example.com,East Solution
John Lee,jacqueline25@example.org,Thought Solution
Brenda James,derrick93@example.com,Share Solution
Kevin Horton,bonnie55@example.org,Heavy Solution
Jennifer Carey,matthew91@example.org,Summer Solution
Kyle Wheeler,cparsons@example.net,Pick Solution
Jason Olsen,jennifer45@example.org,Western Solution
Janet Mendez,guerreroandrea@example.org,Fill Solution
Ashley Stein,brentwarren@example.org,Table Solution
Kevin Thompson,wsmith@example.net,Pm Solution
James Strong,manuelbaird@example.net,Radio Solution
Joseph Sandoval,murphydylan@example.org,Social Solution
Jennifer Warner,xmiller@example.net,Nature Solution
Jason Armstrong,james85@example.org,Company Solution
Scott Matthews,dillondustin@example.net,Standard Solution
Lee Hutchinson,lauravaughn@example.com,Center Solution
Kathryn Hunt,jrichardson@example.com,Group Solution
Brett Rodriguez,dannysmith@example.net,Ready Solution
Margaret Lane,brownbrandon@example.org,Act Solution
John Moore,tuckermatthew@example.net,Protect Solution
Robert Wall,dthomas@example.org,Miss Solution
Katherine Pratt,michaelnewton@example.net,About Solution
Cheryl Figueroa,patrick12@example.org,Black Solution
Timothy Werner,johnsantos@example.com,Sell Solution
Charles Crawford,tturner@example.net,Ability Solution
Patricia Davis,david72@example.net,Series Solution
Anna Carpenter,antoniolee@example.com,Base Solution
Heather Wheeler,sweeneypriscilla@example.com,Rich Solution
Tammy Miller,msmith@example.org,Morning Solution
Jay Hurst,rickymorgan@example.net,Degree Solution
Derek Andrews,qclark@example.org,Of Solution
Kimberly Harris,alexisgrant@example.net,Here Solution
Dr. Elizabeth Green DVM,justincampbell@example.net,Statement Solution
James Andersen,brittany80@example.org,Threat Solution
Allen Stevens,poncetom@example.com,Reality Solution
Patricia Stein,lrangel@example.org,Political Solution
Patrick Mclean,pattersonbeth@example.com,Even Solution
Brendan Miller,joshua18@example.net,Policy Solution
Melinda Wilson,molly88@example.org,Usually Solution
Anne Roberts,kjordan@example.org,Outside Solution
Adrienne Carr,lewistiffany@example.net,They Solution
Taylor Thompson,garciacrystal@example.net,Despite Solution
Thomas Black,hmiles@example.org,Your Solution
Shelley Cowan,erica73@example.org,Provide Solution
Lori Ross,pdavis@example.org,Against Solution
Colleen Tucker,foxamy@example.com,Offer Solution
Gary Roy,malik97@example.net,Rise Solution
Mark Carroll,gelliott@example.net,Minute Solution
Troy Campos,jennifermatthews@example.org,Ten Solution
Theodore Rodriguez,christinaedwards@example.com,Have Solution
Carolyn Walker,ethanrhodes@example.com,Pressure Solution
Donna Barnett,zachary84@example.net,Although Solution
Kyle Payne,zgraves@example.com,Career Solution
